Image category,Culture,Prompt,Response
sport,Chinese,Describe what is happening in this image.,"The image depicts a group of people, mostly men, gathered in a dirt field. They are participating in an outdoor activity, possibly practicing some form of martial arts or dancing. There are at least 15 people in the scene, with some individuals standing closer to the center of the image while others are positioned further away.  In addition to the people, there are several handbags scattered throughout the scene, likely belonging to the participants. A few trees can be seen in the background, adding a natural touch to the outdoor setting."
sport,Chinese,What culture is this image taken from.,This image is taken from Chinese culture.
sport,Chinese,This is an image from Chinese culture. Describe what is happening.,"The image depicts a group of people, mostly elderly men, gathered in an outdoor park. They are participating in a Chinese martial arts performance, with some of them wearing pink shirts and others wearing blue shirts. The group is engaging in a lively and energetic dance, showcasing their martial arts skills."
sport,Indian,Describe what is happening in this image.,"The image depicts a group of young men playing a game of cricket on a pink court. They are all wearing blue and yellow uniforms, indicating that they are part of the same team. There are at least 12 players involved in the game, with some of them positioned closer to the center of the court, while others are located near the edges. The players are actively engaging in the game, with several of them trying to gain possession of the ball. Additionally, there are several advertisement banners visible in the background, suggesting that the game is taking place in a stadium or other public venue."
sport,Indian,What culture is this image taken from.,"This image is taken from the game of kabaddi, which is a popular sport in India."
sport,Indian,This is an image from Indian culture. Describe what is happening.,"In this image, a group of young men are playing a game of volleyball on a pink court. The players are competing fiercely, trying to gain control of the ball and score points for their team. Some of the players are wearing blue jerseys, while others are wearing yellow jerseys. The game appears to be taking place in an indoor arena or stadium."
sport,American,Describe what is happening in this image.,"In this image, a group of young football players are playing a game on a lush green field. There are several football players scattered across the field, some running with the ball and others trying to tackle them. A few cars can be seen parked on the side of the field, possibly belonging to the players or spectators. Additionally, there is a truck parked near the edge of the field. The scene captures the excitement and energy of a youth football game in progress."
sport,American,What culture is this image taken from.,This image is taken from American football culture.
sport,American,This is an image from American culture. Describe what is happening.,"In this image, a group of young football players are playing a game on a grassy field. There are several football players on the field, some of whom are wearing helmets, while others are wearing jerseys. The players are actively participating in the game, with one player being tackled by another player. Additionally, there is a car parked near the field, suggesting that the game is taking place in an outdoor location."
holiday,Chinese,Describe what is happening in this image.,"The image depicts a large group of people dressed in vibrant, colorful outfits participating in a parade. They are walking down the street, holding various objects, such as umbrellas, canes, and other decorative items. There are multiple people in the scene, with some standing closer to the front of the parade while others are positioned further back. In total, there are at least 18 people visible in the image."
holiday,Chinese,What culture is this image taken from.,This image is taken from the Chinese culture.
holiday,Chinese,This is an image from Chinese culture. Describe what is happening.,"In this image, a large group of people dressed in colorful costumes are participating in a lively parade. The parade is filled with vibrant decorations, including dragon-themed floats, which add to the festive atmosphere. Many people can be seen dancing and waving along the parade route, creating a lively and joyful scene."
holiday,American,Describe what is happening in this image.,"In this image, a military parade is taking place in front of the Lincoln Memorial in Washington, D.C. A large crowd of people has gathered to watch the parade, which features a group of soldiers marching down the street. There are at least 18 people visible in the scene, some standing on the sidewalks and others watching the parade from the sidelines. Additionally, several flags can be seen waving in the air, adding to the patriotic atmosphere of the event."
holiday,American,What culture is this image taken from.,"The image depicts a military parade in Washington, D.C., which is the capital city of the United States."
holiday,American,This is an image from American culture. Describe what is happening.,"The image depicts a military parade in Washington, D.C. during the Fourth of July celebrations. A large crowd of people is gathered to watch the parade, which features soldiers marching down the street in formation. There are also several American flags displayed along the parade route, adding to the patriotic atmosphere of the event."
holiday,Indian,Describe what is happening in this image.,"The image depicts a large crowd of people celebrating the Hindu festival of Holi, also known as the ""Festival of Colors"". The scene is filled with vibrant hues of pink, purple, blue, and green, as people throw colored powder at each other, creating a colorful and joyous atmosphere.  In the center of the image, a group of people can be seen dancing and throwing colored powder at each other, creating a lively and festive atmosphere. Additionally, there are several smaller groups of people scattered throughout the image, all participating in the Holi celebration."
holiday,Indian,What culture is this image taken from.,"The image is taken from the Holi festival, which is a Hindu festival celebrated in India and Nepal."
holiday,Indian,This is an image from Indian culture. Describe what is happening.,"The image depicts a large crowd of people celebrating the Hindu festival of Holi, also known as the ""festival of colors"". The crowd is covered in vibrant hues of colored powder, creating a colorful and festive atmosphere. Many people are dancing and throwing colored powder at each other, creating a joyful and lively scene."
wedding,Chinese,Describe what is happening in this image.,"The image depicts a traditional Chinese wedding ceremony, with a group of people dressed in red attire sitting on chairs in front of an ornate backdrop. There are several people present, including the bride and groom, who are both wearing traditional Chinese clothing. 12 people can be seen in the scene, with some seated on chairs and others standing around the area. In addition to the people, there is a vase placed on the floor near the center of the image."
wedding,Chinese,What culture is this image taken from.,The image is taken from Chinese culture.
wedding,Chinese,This is an image from Chinese culture. Describe what is happening.,"The image depicts a traditional Chinese wedding ceremony, where the bride and groom are seated on chairs in front of an ornate red curtain. The couple is surrounded by a group of people dressed in traditional Chinese attire, including the bride and groom, who are both wearing red outfits. There are also several other people in the scene, some of whom are sitting on chairs or standing around the couple."
wedding,Indian,Describe what is happening in this image.,"The image depicts an Indian wedding ceremony taking place in a beautiful outdoor setting. The bride and groom are dressed in traditional Indian attire, with the bride wearing a red sari and the groom wearing a blue sherwani. The couple is surrounded by a group of friends and family members, all gathered to celebrate their special day. 12 people can be seen in the scene, with some sitting on chairs and others standing around the couple. There are also several chairs scattered throughout the area, providing seating for the guests."
wedding,Indian,What culture is this image taken from.,The image is taken from an Indian wedding.
wedding,Indian,This is an image from Indian culture. Describe what is happening.,"The image depicts an Indian wedding ceremony taking place outdoors. A group of people, including the bride and groom, are seated on chairs under a canopy, surrounded by vibrant curtains and decorations. The couple is dressed in traditional Indian attire, with the bride wearing a red sari and the groom wearing a blue sherwani."
wedding,American,Describe what is happening in this image.,"The image captures a wedding ceremony taking place under a large white tent. The bride and groom are exchanging their vows in front of a crowd of guests, who are seated in rows of chairs on the grassy lawn. 12 people can be seen in the image, including the bride and groom, as well as the wedding party and guests. In addition to the chairs, there is also a bench visible in the scene. The wedding venue appears to be outdoors, surrounded by greenery and flowers, creating a serene and romantic atmosphere for the couple's special day."
wedding,American,What culture is this image taken from.,"The image depicts a wedding ceremony taking place under a large white tent, with the bride and groom exchanging their vows in front of their guests. It appears to be an outdoor wedding venue, possibly located in a garden or park setting. The couple is dressed in formal attire, with the bride wearing a blue dress and the groom wearing a navy suit."
wedding,American,This is an image from American culture. Describe what is happening.,"The image captures a wedding ceremony taking place under a large white tent. The bride and groom are exchanging their vows in front of their guests, who are seated in rows of chairs. The ceremony is surrounded by lush greenery and flowers, adding to the natural beauty of the outdoor setting. The wedding party is dressed in formal attire, with the bride and groom wearing navy blue suits."
